id,title,url,images,interaction_statistics,created_at
aE01zON,I got his and her phone cases but she didn't like them for some reason...,http://9gag.com/gag/aE01zON,"{'image700': {'width': 600, 'height': 791, 'url': 'https://img-9gag-fun.9cache.com/photo/aE01zON_700b.jpg', 'webpUrl': 'https://img-9gag-fun.9cache.com/photo/aE01zON_700bwp.webp'}, 'image460': {'width': 460, 'height': 606, 'url': 'https://img-9gag-fun.9cache.com/photo/aE01zON_460s.jpg', 'webpUrl': 'https://img-9gag-fun.9cache.com/photo/aE01zON_460swp.webp'}, 'imageFbThumbnail': {'width': 220, 'height': 220, 'url': 'https://img-9gag-fun.9cache.com/photo/aE01zON_fbthumbnail.jpg'}}","{'likes': 6, 'dislikes': 42, 'comments': 5}",2024-05-28 19:56:31
a9yLPLZ,Congrats to the class of 2024!,http://9gag.com/gag/a9yLPLZ,"{'image700': {'width': 526, 'height': 767, 'url': 'https://img-9gag-fun.9cache.com/photo/a9yLPLZ_700b.jpg', 'webpUrl': 'https://img-9gag-fun.9cache.com/photo/a9yLPLZ_700bwp.webp'}, 'image460': {'width': 460, 'height': 670, 'url': 'https://img-9gag-fun.9cache.com/photo/a9yLPLZ_460s.jpg', 'webpUrl': 'https://img-9gag-fun.9cache.com/photo/a9yLPLZ_460swp.webp'}, 'imageFbThumbnail': {'width': 220, 'height': 220, 'url': 'https://img-9gag-fun.9cache.com/photo/a9yLPLZ_fbthumbnail.jpg'}}","{'likes': 1, 'dislikes': 2, 'comments': 0}",2024-05-28 16:04:08
an7KX8b,"My dog Nigel and the old man from the Simpsons, I've never seen the together at the same time...",http://9gag.com/gag/an7KX8b,"{'image700': {'width': 700, 'height': 350, 'url': 'https://img-9gag-fun.9cache.com/photo/an7KX8b_700b.jpg', 'webpUrl': 'https://img-9gag-fun.9cache.com/photo/an7KX8b_700bwp.webp'}, 'image460': {'width': 460, 'height': 230, 'url': 'https://img-9gag-fun.9cache.com/photo/an7KX8b_460s.jpg', 'webpUrl': 'https://img-9gag-fun.9cache.com/photo/an7KX8b_460swp.webp'}, 'imageFbThumbnail': {'width': 220, 'height': 220, 'url': 'https://img-9gag-fun.9cache.com/photo/an7KX8b_fbthumbnail.jpg'}}","{'likes': 139, 'dislikes': 34, 'comments': 5}",2024-05-28 01:36:26
a343YAQ,"Damn, that's tiny!",http://9gag.com/gag/a343YAQ,"{'image700': {'width': 700, 'height': 1094, 'url': 'https://img-9gag-fun.9cache.com/photo/a343YAQ_700b.jpg', 'webpUrl': 'https://img-9gag-fun.9cache.com/photo/a343YAQ_700bwp.webp'}, 'image460': {'width': 460, 'height': 719, 'url': 'https://img-9gag-fun.9cache.com/photo/a343YAQ_460s.jpg', 'webpUrl': 'https://img-9gag-fun.9cache.com/photo/a343YAQ_460swp.webp'}, 'imageFbThumbnail': {'width': 220, 'height': 220, 'url': 'https://img-9gag-fun.9cache.com/photo/a343YAQ_fbthumbnail.jpg'}}","{'likes': 419, 'dislikes': 81, 'comments': 40}",2024-05-27 16:02:30
a343PMe,"Boost your post with a funny, creative and descriptive title!",http://9gag.com/gag/a343PMe,"{'image700': {'width': 600, 'height': 533, 'url': 'https://img-9gag-fun.9cache.com/photo/a343PMe_700b.jpg', 'webpUrl': 'https://img-9gag-fun.9cache.com/photo/a343PMe_700bwp.webp'}, 'image460': {'width': 460, 'height': 408, 'url': 'https://img-9gag-fun.9cache.com/photo/a343PMe_460s.jpg', 'webpUrl': 'https://img-9gag-fun.9cache.com/photo/a343PMe_460swp.webp'}, 'imageFbThumbnail': {'width': 220, 'height': 220, 'url': 'https://img-9gag-fun.9cache.com/photo/a343PMe_fbthumbnail.jpg'}}","{'likes': 33, 'dislikes': 25, 'comments': 9}",2024-05-27 02:33:22
a6Zym7b,The 50s were the best!,http://9gag.com/gag/a6Zym7b,"{'image700': {'width': 600, 'height': 428, 'url': 'https://img-9gag-fun.9cache.com/photo/a6Zym7b_700b.jpg', 'webpUrl': 'https://img-9gag-fun.9cache.com/photo/a6Zym7b_700bwp.webp'}, 'image460': {'width': 460, 'height': 328, 'url': 'https://img-9gag-fun.9cache.com/photo/a6Zym7b_460s.jpg', 'webpUrl': 'https://img-9gag-fun.9cache.com/photo/a6Zym7b_460swp.webp'}, 'imageFbThumbnail': {'width': 220, 'height': 220, 'url': 'https://img-9gag-fun.9cache.com/photo/a6Zym7b_fbthumbnail.jpg'}}","{'likes': 1, 'dislikes': 0, 'comments': 0}",2024-05-27 01:17:59
aAyVW9Z,"They are indeed, quite good.",http://9gag.com/gag/aAyVW9Z,"{'image700': {'width': 526, 'height': 702, 'url': 'https://img-9gag-fun.9cache.com/photo/aAyVW9Z_700b.jpg', 'webpUrl': 'https://img-9gag-fun.9cache.com/photo/aAyVW9Z_700bwp.webp'}, 'image460': {'width': 460, 'height': 613, 'url': 'https://img-9gag-fun.9cache.com/photo/aAyVW9Z_460s.jpg', 'webpUrl': 'https://img-9gag-fun.9cache.com/photo/aAyVW9Z_460swp.webp'}, 'imageFbThumbnail': {'width': 220, 'height': 220, 'url': 'https://img-9gag-fun.9cache.com/photo/aAyVW9Z_fbthumbnail.jpg'}}","{'likes': 1311, 'dislikes': 67, 'comments': 26}",2024-05-26 00:29:35
ae93LVO,I don't know whether to be angry or happy...,http://9gag.com/gag/ae93LVO,"{'image700': {'width': 260, 'height': 462, 'url': 'https://img-9gag-fun.9cache.com/photo/ae93LVO_460s.jpg'}, 'image460': {'width': 260, 'height': 462, 'url': 'https://img-9gag-fun.9cache.com/photo/ae93LVO_460s.jpg', 'webpUrl': 'https://img-9gag-fun.9cache.com/photo/ae93LVO_460swp.webp'}, 'imageFbThumbnail': {'width': 220, 'height': 220, 'url': 'https://img-9gag-fun.9cache.com/photo/ae93LVO_fbthumbnail.jpg'}, 'image460sv': {'width': 260, 'height': 462, 'url': 'https://img-9gag-fun.9cache.com/photo/ae93LVO_460sv.mp4', 'hasAudio': 0, 'duration': 9, 'vp8Url': 'https://img-9gag-fun.9cache.com/photo/ae93LVO_460svwm.webm', 'h265Url': 'https://img-9gag-fun.9cache.com/photo/ae93LVO_460svh265.mp4', 'vp9Url': 'https://img-9gag-fun.9cache.com/photo/ae93LVO_460svvp9.webm'}}","{'likes': 66, 'dislikes': 205, 'comments': 20}",2024-05-25 03:32:03
ae93L5p,"Meanwhile, at the Kroger Board Meeting...",http://9gag.com/gag/ae93L5p,"{'image700': {'width': 526, 'height': 526, 'url': 'https://img-9gag-fun.9cache.com/photo/ae93L5p_700b.jpg', 'webpUrl': 'https://img-9gag-fun.9cache.com/photo/ae93L5p_700bwp.webp'}, 'image460': {'width': 460, 'height': 460, 'url': 'https://img-9gag-fun.9cache.com/photo/ae93L5p_460s.jpg', 'webpUrl': 'https://img-9gag-fun.9cache.com/photo/ae93L5p_460swp.webp'}, 'imageFbThumbnail': {'width': 220, 'height': 220, 'url': 'https://img-9gag-fun.9cache.com/photo/ae93L5p_fbthumbnail.jpg'}}","{'likes': 560, 'dislikes': 24, 'comments': 5}",2024-05-25 00:29:37
a1mZyLR,I'm berry glad no one was hurt...,http://9gag.com/gag/a1mZyLR,"{'image700': {'width': 499, 'height': 495, 'url': 'https://img-9gag-fun.9cache.com/photo/a1mZyLR_700b.jpg', 'webpUrl': 'https://img-9gag-fun.9cache.com/photo/a1mZyLR_700bwp.webp'}, 'image460': {'width': 460, 'height': 456, 'url': 'https://img-9gag-fun.9cache.com/photo/a1mZyLR_460s.jpg', 'webpUrl': 'https://img-9gag-fun.9cache.com/photo/a1mZyLR_460swp.webp'}, 'imageFbThumbnail': {'width': 220, 'height': 220, 'url': 'https://img-9gag-fun.9cache.com/photo/a1mZyLR_fbthumbnail.jpg'}}","{'likes': 0, 'dislikes': 0, 'comments': 0}",2024-05-24 18:52:11
aGywymz,I wish I was young again... - 9GAG,https://9gag.com/gag/aGywymz,"{'image700': {'width': 650, 'height': 642, 'url': 'https://img-9gag-fun.9cache.com/photo/aGywymz_700b.jpg', 'webpUrl': 'https://img-9gag-fun.9cache.com/photo/aGywymz_700bwp.webp'}, 'image460': {'width': 460, 'height': 454, 'url': 'https://img-9gag-fun.9cache.com/photo/aGywymz_460s.jpg', 'webpUrl': 'https://img-9gag-fun.9cache.com/photo/aGywymz_460swp.webp'}, 'imageFbThumbnail': {'width': 220, 'height': 220, 'url': 'https://img-9gag-fun.9cache.com/photo/aGywymz_fbthumbnail.jpg'}}","{'likes': 2, 'dislikes': 1, 'comments': 0}",2024-06-02 19:37:41
aoy02ew,"If true, this is a brilliant idea! - 9GAG",https://9gag.com/gag/aoy02ew,"{'image700': {'width': 526, 'height': 526, 'url': 'https://img-9gag-fun.9cache.com/photo/aoy02ew_700b.jpg', 'webpUrl': 'https://img-9gag-fun.9cache.com/photo/aoy02ew_700bwp.webp'}, 'image460': {'width': 460, 'height': 460, 'url': 'https://img-9gag-fun.9cache.com/photo/aoy02ew_460s.jpg', 'webpUrl': 'https://img-9gag-fun.9cache.com/photo/aoy02ew_460swp.webp'}, 'imageFbThumbnail': {'width': 220, 'height': 220, 'url': 'https://img-9gag-fun.9cache.com/photo/aoy02ew_fbthumbnail.jpg'}}","{'likes': 0, 'dislikes': 0, 'comments': 0}",2024-05-29 19:59:44
aAyrwz2,Tittle goes here - 9GAG,https://9gag.com/gag/aAyrwz2,"{'image700': {'width': 660, 'height': 725, 'url': 'https://img-9gag-fun.9cache.com/photo/aAyrwz2_700b.jpg', 'webpUrl': 'https://img-9gag-fun.9cache.com/photo/aAyrwz2_700bwp.webp'}, 'image460': {'width': 460, 'height': 505, 'url': 'https://img-9gag-fun.9cache.com/photo/aAyrwz2_460s.jpg', 'webpUrl': 'https://img-9gag-fun.9cache.com/photo/aAyrwz2_460swp.webp'}, 'imageFbThumbnail': {'width': 220, 'height': 220, 'url': 'https://img-9gag-fun.9cache.com/photo/aAyrwz2_fbthumbnail.jpg'}}","{'likes': 79, 'dislikes': 20, 'comments': 2}",2024-05-30 00:42:50
a5QPWNO,Terrifying! - 9GAG,https://9gag.com/gag/a5QPWNO,"{'image700': {'width': 600, 'height': 318, 'url': 'https://img-9gag-fun.9cache.com/photo/a5QPWNO_700b.jpg', 'webpUrl': 'https://img-9gag-fun.9cache.com/photo/a5QPWNO_700bwp.webp'}, 'image460': {'width': 460, 'height': 243, 'url': 'https://img-9gag-fun.9cache.com/photo/a5QPWNO_460s.jpg', 'webpUrl': 'https://img-9gag-fun.9cache.com/photo/a5QPWNO_460swp.webp'}, 'imageFbThumbnail': {'width': 220, 'height': 220, 'url': 'https://img-9gag-fun.9cache.com/photo/a5QPWNO_fbthumbnail.jpg'}}","{'likes': 42, 'dislikes': 10, 'comments': 1}",2024-05-31 21:31:00
adBYBrQ,No comment - 9GAG,https://9gag.com/gag/adBYBrQ,"{'image700': {'width': 700, 'height': 397, 'url': 'https://img-9gag-fun.9cache.com/photo/adBYBrQ_700b.jpg', 'webpUrl': 'https://img-9gag-fun.9cache.com/photo/adBYBrQ_700bwp.webp'}, 'image460': {'width': 460, 'height': 261, 'url': 'https://img-9gag-fun.9cache.com/photo/adBYBrQ_460s.jpg', 'webpUrl': 'https://img-9gag-fun.9cache.com/photo/adBYBrQ_460swp.webp'}, 'imageFbThumbnail': {'width': 220, 'height': 220, 'url': 'https://img-9gag-fun.9cache.com/photo/adBYBrQ_fbthumbnail.jpg'}}","{'likes': 0, 'dislikes': 0, 'comments': 0}",2024-06-02 18:31:08
aO8bvGM,New adult themed Lego sets are on sale for summer - 9GAG,https://9gag.com/gag/aO8bvGM,"{'image700': {'width': 600, 'height': 597, 'url': 'https://img-9gag-fun.9cache.com/photo/aO8bvGM_700b.jpg', 'webpUrl': 'https://img-9gag-fun.9cache.com/photo/aO8bvGM_700bwp.webp'}, 'image460': {'width': 460, 'height': 457, 'url': 'https://img-9gag-fun.9cache.com/photo/aO8bvGM_460s.jpg', 'webpUrl': 'https://img-9gag-fun.9cache.com/photo/aO8bvGM_460swp.webp'}, 'imageFbThumbnail': {'width': 220, 'height': 220, 'url': 'https://img-9gag-fun.9cache.com/photo/aO8bvGM_fbthumbnail.jpg'}}","{'likes': 88, 'dislikes': 32, 'comments': 6}",2024-05-29 15:38:34
aGyVmdK,"The designer submitted this as a joke, instead of laughing they put it into production.",http://9gag.com/gag/aGyVmdK,"{'image700': {'width': 526, 'height': 704, 'url': 'https://img-9gag-fun.9cache.com/photo/aGyVmdK_700b.jpg', 'webpUrl': 'https://img-9gag-fun.9cache.com/photo/aGyVmdK_700bwp.webp'}, 'image460': {'width': 460, 'height': 615, 'url': 'https://img-9gag-fun.9cache.com/photo/aGyVmdK_460s.jpg', 'webpUrl': 'https://img-9gag-fun.9cache.com/photo/aGyVmdK_460swp.webp'}, 'imageFbThumbnail': {'width': 220, 'height': 220, 'url': 'https://img-9gag-fun.9cache.com/photo/aGyVmdK_fbthumbnail.jpg'}}","{'likes': 0, 'dislikes': 0, 'comments': 0}",2024-05-24 16:42:40
agm0ww1,"Here, you might need this today!",http://9gag.com/gag/agm0ww1,"{'image700': {'width': 700, 'height': 466, 'url': 'https://img-9gag-fun.9cache.com/photo/agm0ww1_700b.jpg', 'webpUrl': 'https://img-9gag-fun.9cache.com/photo/agm0ww1_700bwp.webp'}, 'image460': {'width': 460, 'height': 306, 'url': 'https://img-9gag-fun.9cache.com/photo/agm0ww1_460s.jpg', 'webpUrl': 'https://img-9gag-fun.9cache.com/photo/agm0ww1_460swp.webp'}, 'imageFbThumbnail': {'width': 220, 'height': 220, 'url': 'https://img-9gag-fun.9cache.com/photo/agm0ww1_fbthumbnail.jpg'}}","{'likes': 1, 'dislikes': 0, 'comments': 0}",2024-05-23 17:05:00
aAyV5Zo,Riddle me this...,http://9gag.com/gag/aAyV5Zo,"{'image700': {'width': 526, 'height': 935, 'url': 'https://img-9gag-fun.9cache.com/photo/aAyV5Zo_700b.jpg', 'webpUrl': 'https://img-9gag-fun.9cache.com/photo/aAyV5Zo_700bwp.webp'}, 'image460': {'width': 460, 'height': 817, 'url': 'https://img-9gag-fun.9cache.com/photo/aAyV5Zo_460s.jpg', 'webpUrl': 'https://img-9gag-fun.9cache.com/photo/aAyV5Zo_460swp.webp'}, 'imageFbThumbnail': {'width': 220, 'height': 220, 'url': 'https://img-9gag-fun.9cache.com/photo/aAyV5Zo_fbthumbnail.jpg'}}","{'likes': 192, 'dislikes': 49, 'comments': 4}",2024-05-23 15:47:30
aXPEz1D,Chicken thoughts,http://9gag.com/gag/aXPEz1D,"{'image700': {'width': 526, 'height': 522, 'url': 'https://img-9gag-fun.9cache.com/photo/aXPEz1D_700b.jpg', 'webpUrl': 'https://img-9gag-fun.9cache.com/photo/aXPEz1D_700bwp.webp'}, 'image460': {'width': 460, 'height': 456, 'url': 'https://img-9gag-fun.9cache.com/photo/aXPEz1D_460s.jpg', 'webpUrl': 'https://img-9gag-fun.9cache.com/photo/aXPEz1D_460swp.webp'}, 'imageFbThumbnail': {'width': 220, 'height': 220, 'url': 'https://img-9gag-fun.9cache.com/photo/aXPEz1D_fbthumbnail.jpg'}}","{'likes': 2924, 'dislikes': 107, 'comments': 33}",2024-05-22 20:12:05
adB6MMZ,Guess which is which...,http://9gag.com/gag/adB6MMZ,"{'image700': {'width': 505, 'height': 758, 'url': 'https://img-9gag-fun.9cache.com/photo/adB6MMZ_700b.jpg', 'webpUrl': 'https://img-9gag-fun.9cache.com/photo/adB6MMZ_700bwp.webp'}, 'image460': {'width': 460, 'height': 690, 'url': 'https://img-9gag-fun.9cache.com/photo/adB6MMZ_460s.jpg', 'webpUrl': 'https://img-9gag-fun.9cache.com/photo/adB6MMZ_460swp.webp'}, 'imageFbThumbnail': {'width': 220, 'height': 220, 'url': 'https://img-9gag-fun.9cache.com/photo/adB6MMZ_fbthumbnail.jpg'}}","{'likes': 144, 'dislikes': 50, 'comments': 27}",2024-05-22 19:52:04
a0ePD8X,Jordan got Bennie's ball. and now we wait.,http://9gag.com/gag/a0ePD8X,"{'image700': {'width': 526, 'height': 526, 'url': 'https://img-9gag-fun.9cache.com/photo/a0ePD8X_700b.jpg', 'webpUrl': 'https://img-9gag-fun.9cache.com/photo/a0ePD8X_700bwp.webp'}, 'image460': {'width': 460, 'height': 460, 'url': 'https://img-9gag-fun.9cache.com/photo/a0ePD8X_460s.jpg', 'webpUrl': 'https://img-9gag-fun.9cache.com/photo/a0ePD8X_460swp.webp'}, 'imageFbThumbnail': {'width': 220, 'height': 220, 'url': 'https://img-9gag-fun.9cache.com/photo/a0ePD8X_fbthumbnail.jpg'}}","{'likes': 16, 'dislikes': 17, 'comments': 6}",2024-05-22 02:53:46
a34dpgr,Pervert! they're dancing!,http://9gag.com/gag/a34dpgr,"{'image700': {'width': 645, 'height': 475, 'url': 'https://img-9gag-fun.9cache.com/photo/a34dpgr_700b.jpg', 'webpUrl': 'https://img-9gag-fun.9cache.com/photo/a34dpgr_700bwp.webp'}, 'image460': {'width': 460, 'height': 338, 'url': 'https://img-9gag-fun.9cache.com/photo/a34dpgr_460s.jpg', 'webpUrl': 'https://img-9gag-fun.9cache.com/photo/a34dpgr_460swp.webp'}, 'imageFbThumbnail': {'width': 220, 'height': 220, 'url': 'https://img-9gag-fun.9cache.com/photo/a34dpgr_fbthumbnail.jpg'}}","{'likes': 0, 'dislikes': 0, 'comments': 0}",2024-05-21 16:52:15
a5QNy9g,12 of the stupidest people on earth,http://9gag.com/gag/a5QNy9g,"{'image700': {'width': 400, 'height': 500, 'url': 'https://img-9gag-fun.9cache.com/photo/a5QNy9g_460s.jpg'}, 'image460': {'width': 400, 'height': 500, 'url': 'https://img-9gag-fun.9cache.com/photo/a5QNy9g_460s.jpg', 'webpUrl': 'https://img-9gag-fun.9cache.com/photo/a5QNy9g_460swp.webp'}, 'imageFbThumbnail': {'width': 220, 'height': 220, 'url': 'https://img-9gag-fun.9cache.com/photo/a5QNy9g_fbthumbnail.jpg'}, 'image460sv': {'width': 400, 'height': 500, 'url': 'https://img-9gag-fun.9cache.com/photo/a5QNy9g_460sv.mp4', 'hasAudio': 0, 'duration': 7, 'vp8Url': 'https://img-9gag-fun.9cache.com/photo/a5QNy9g_460svwm.webm', 'h265Url': 'https://img-9gag-fun.9cache.com/photo/a5QNy9g_460svh265.mp4', 'vp9Url': 'https://img-9gag-fun.9cache.com/photo/a5QNy9g_460svvp9.webm'}}","{'likes': 4105, 'dislikes': 275, 'comments': 388}",2024-05-21 16:28:41
aNDoq0K,Luckily they don't come in a 12...,http://9gag.com/gag/aNDoq0K,"{'image700': {'width': 606, 'height': 600, 'url': 'https://img-9gag-fun.9cache.com/photo/aNDoq0K_700b.jpg', 'webpUrl': 'https://img-9gag-fun.9cache.com/photo/aNDoq0K_700bwp.webp'}, 'image460': {'width': 460, 'height': 455, 'url': 'https://img-9gag-fun.9cache.com/photo/aNDoq0K_460s.jpg', 'webpUrl': 'https://img-9gag-fun.9cache.com/photo/aNDoq0K_460swp.webp'}, 'imageFbThumbnail': {'width': 220, 'height': 220, 'url': 'https://img-9gag-fun.9cache.com/photo/aNDoq0K_fbthumbnail.jpg'}}","{'likes': 205, 'dislikes': 41, 'comments': 15}",2024-05-21 01:35:45
aKGgpzN,Would I? Would I?,http://9gag.com/gag/aKGgpzN,"{'image700': {'width': 700, 'height': 933, 'url': 'https://img-9gag-fun.9cache.com/photo/aKGgpzN_700b.jpg', 'webpUrl': 'https://img-9gag-fun.9cache.com/photo/aKGgpzN_700bwp.webp'}, 'image460': {'width': 460, 'height': 613, 'url': 'https://img-9gag-fun.9cache.com/photo/aKGgpzN_460s.jpg', 'webpUrl': 'https://img-9gag-fun.9cache.com/photo/aKGgpzN_460swp.webp'}, 'imageFbThumbnail': {'width': 220, 'height': 220, 'url': 'https://img-9gag-fun.9cache.com/photo/aKGgpzN_fbthumbnail.jpg'}}","{'likes': 252, 'dislikes': 52, 'comments': 20}",2024-05-20 16:39:05
aPA4Bvq,Viva la 9Gag - 9GAG,https://9gag.com/gag/aPA4Bvq,"{'image700': {'width': 600, 'height': 555, 'url': 'https://img-9gag-fun.9cache.com/photo/aPA4Bvq_700b.jpg', 'webpUrl': 'https://img-9gag-fun.9cache.com/photo/aPA4Bvq_700bwp.webp'}, 'image460': {'width': 460, 'height': 425, 'url': 'https://img-9gag-fun.9cache.com/photo/aPA4Bvq_460s.jpg', 'webpUrl': 'https://img-9gag-fun.9cache.com/photo/aPA4Bvq_460swp.webp'}, 'imageFbThumbnail': {'width': 220, 'height': 220, 'url': 'https://img-9gag-fun.9cache.com/photo/aPA4Bvq_fbthumbnail.jpg'}}","{'likes': 0, 'dislikes': 1, 'comments': 0}",2024-05-30 03:00:41
aqyNLdp,"Found this at the beach, I won't be going back... - 9GAG",https://9gag.com/gag/aqyNLdp,"{'image700': {'width': 600, 'height': 782, 'url': 'https://img-9gag-fun.9cache.com/photo/aqyNLdp_700b.jpg', 'webpUrl': 'https://img-9gag-fun.9cache.com/photo/aqyNLdp_700bwp.webp'}, 'image460': {'width': 460, 'height': 599, 'url': 'https://img-9gag-fun.9cache.com/photo/aqyNLdp_460s.jpg', 'webpUrl': 'https://img-9gag-fun.9cache.com/photo/aqyNLdp_460swp.webp'}, 'imageFbThumbnail': {'width': 220, 'height': 220, 'url': 'https://img-9gag-fun.9cache.com/photo/aqyNLdp_fbthumbnail.jpg'}}","{'likes': 168, 'dislikes': 66, 'comments': 25}",2024-05-29 15:43:35
aW4Wm0Z,What's your favorite Gandhi quote? - 9GAG,https://9gag.com/gag/aW4Wm0Z,"{'image700': {'width': 474, 'height': 248, 'url': 'https://img-9gag-fun.9cache.com/photo/aW4Wm0Z_700b.jpg', 'webpUrl': 'https://img-9gag-fun.9cache.com/photo/aW4Wm0Z_700bwp.webp'}, 'image460': {'width': 460, 'height': 240, 'url': 'https://img-9gag-fun.9cache.com/photo/aW4Wm0Z_460s.jpg', 'webpUrl': 'https://img-9gag-fun.9cache.com/photo/aW4Wm0Z_460swp.webp'}, 'imageFbThumbnail': {'width': 220, 'height': 220, 'url': 'https://img-9gag-fun.9cache.com/photo/aW4Wm0Z_fbthumbnail.jpg'}}","{'likes': 14, 'dislikes': 10, 'comments': 5}",2024-05-30 03:04:34
awyKQ4B,What? - 9GAG,https://9gag.com/gag/awyKQ4B,"{'image700': {'width': 526, 'height': 516, 'url': 'https://img-9gag-fun.9cache.com/photo/awyKQ4B_700b.jpg', 'webpUrl': 'https://img-9gag-fun.9cache.com/photo/awyKQ4B_700bwp.webp'}, 'image460': {'width': 460, 'height': 451, 'url': 'https://img-9gag-fun.9cache.com/photo/awyKQ4B_460s.jpg', 'webpUrl': 'https://img-9gag-fun.9cache.com/photo/awyKQ4B_460swp.webp'}, 'imageFbThumbnail': {'width': 220, 'height': 220, 'url': 'https://img-9gag-fun.9cache.com/photo/awyKQ4B_fbthumbnail.jpg'}}","{'likes': 48, 'dislikes': 49, 'comments': 7}",2024-05-30 18:10:45
a87bVr3,"“I scream, you scream, we all scream for ice cream”",http://9gag.com/gag/a87bVr3,"{'image700': {'width': 526, 'height': 701, 'url': 'https://img-9gag-fun.9cache.com/photo/a87bVr3_700b.jpg', 'webpUrl': 'https://img-9gag-fun.9cache.com/photo/a87bVr3_700bwp.webp'}, 'image460': {'width': 460, 'height': 613, 'url': 'https://img-9gag-fun.9cache.com/photo/a87bVr3_460s.jpg', 'webpUrl': 'https://img-9gag-fun.9cache.com/photo/a87bVr3_460swp.webp'}, 'imageFbThumbnail': {'width': 220, 'height': 220, 'url': 'https://img-9gag-fun.9cache.com/photo/a87bVr3_fbthumbnail.jpg'}}","{'likes': 95, 'dislikes': 38, 'comments': 20}",2024-05-20 15:57:28
aGyV7W0,Yes I know it was on Jan 19th...,http://9gag.com/gag/aGyV7W0,"{'image700': {'width': 700, 'height': 729, 'url': 'https://img-9gag-fun.9cache.com/photo/aGyV7W0_700b.jpg', 'webpUrl': 'https://img-9gag-fun.9cache.com/photo/aGyV7W0_700bwp.webp'}, 'image460': {'width': 460, 'height': 479, 'url': 'https://img-9gag-fun.9cache.com/photo/aGyV7W0_460s.jpg', 'webpUrl': 'https://img-9gag-fun.9cache.com/photo/aGyV7W0_460swp.webp'}, 'imageFbThumbnail': {'width': 220, 'height': 220, 'url': 'https://img-9gag-fun.9cache.com/photo/aGyV7W0_fbthumbnail.jpg'}}","{'likes': 5, 'dislikes': 14, 'comments': 2}",2024-05-20 15:40:28
aZZWzvV,Raven tells Mabel a joke...,http://9gag.com/gag/aZZWzvV,"{'image700': {'width': 700, 'height': 466, 'url': 'https://img-9gag-fun.9cache.com/photo/aZZWzvV_700b.jpg', 'webpUrl': 'https://img-9gag-fun.9cache.com/photo/aZZWzvV_700bwp.webp'}, 'image460': {'width': 460, 'height': 306, 'url': 'https://img-9gag-fun.9cache.com/photo/aZZWzvV_460s.jpg', 'webpUrl': 'https://img-9gag-fun.9cache.com/photo/aZZWzvV_460swp.webp'}, 'imageFbThumbnail': {'width': 220, 'height': 220, 'url': 'https://img-9gag-fun.9cache.com/photo/aZZWzvV_fbthumbnail.jpg'}}","{'likes': 14, 'dislikes': 17, 'comments': 3}",2024-05-20 02:16:15
a4P9q5w,Bubble machine,http://9gag.com/gag/a4P9q5w,"{'image700': {'width': 330, 'height': 280, 'url': 'https://img-9gag-fun.9cache.com/photo/a4P9q5w_460s.jpg'}, 'image460': {'width': 330, 'height': 280, 'url': 'https://img-9gag-fun.9cache.com/photo/a4P9q5w_460s.jpg', 'webpUrl': 'https://img-9gag-fun.9cache.com/photo/a4P9q5w_460swp.webp'}, 'imageFbThumbnail': {'width': 220, 'height': 220, 'url': 'https://img-9gag-fun.9cache.com/photo/a4P9q5w_fbthumbnail.jpg'}, 'image460sv': {'width': 330, 'height': 280, 'url': 'https://img-9gag-fun.9cache.com/photo/a4P9q5w_460sv.mp4', 'hasAudio': 0, 'duration': 24, 'vp8Url': 'https://img-9gag-fun.9cache.com/photo/a4P9q5w_460svwm.webm', 'h265Url': 'https://img-9gag-fun.9cache.com/photo/a4P9q5w_460svh265.mp4', 'av1Url': 'https://img-9gag-fun.9cache.com/photo/a4P9q5w_460svav1.mp4'}}","{'likes': 582, 'dislikes': 27, 'comments': 10}",2024-05-19 16:18:37
apRoA6W,I got a blister...,http://9gag.com/gag/apRoA6W,"{'image700': {'width': 700, 'height': 466, 'url': 'https://img-9gag-fun.9cache.com/photo/apRoA6W_700b.jpg', 'webpUrl': 'https://img-9gag-fun.9cache.com/photo/apRoA6W_700bwp.webp'}, 'image460': {'width': 460, 'height': 306, 'url': 'https://img-9gag-fun.9cache.com/photo/apRoA6W_460s.jpg', 'webpUrl': 'https://img-9gag-fun.9cache.com/photo/apRoA6W_460swp.webp'}, 'imageFbThumbnail': {'width': 220, 'height': 220, 'url': 'https://img-9gag-fun.9cache.com/photo/apRoA6W_fbthumbnail.jpg'}}","{'likes': 23, 'dislikes': 13, 'comments': 0}",2024-05-19 16:12:06
aYQpqOm,Ha!,http://9gag.com/gag/aYQpqOm,"{'image700': {'width': 526, 'height': 713, 'url': 'https://img-9gag-fun.9cache.com/photo/aYQpqOm_700b.jpg', 'webpUrl': 'https://img-9gag-fun.9cache.com/photo/aYQpqOm_700bwp.webp'}, 'image460': {'width': 460, 'height': 623, 'url': 'https://img-9gag-fun.9cache.com/photo/aYQpqOm_460s.jpg', 'webpUrl': 'https://img-9gag-fun.9cache.com/photo/aYQpqOm_460swp.webp'}, 'imageFbThumbnail': {'width': 220, 'height': 220, 'url': 'https://img-9gag-fun.9cache.com/photo/aYQpqOm_fbthumbnail.jpg'}}","{'likes': 410, 'dislikes': 71, 'comments': 14}",2024-05-19 05:02:24
a0ePnzn,Maybe we could borrow this guy for a while?,http://9gag.com/gag/a0ePnzn,"{'image700': {'width': 700, 'height': 497, 'url': 'https://img-9gag-fun.9cache.com/photo/a0ePnzn_700b.jpg', 'webpUrl': 'https://img-9gag-fun.9cache.com/photo/a0ePnzn_700bwp.webp'}, 'image460': {'width': 460, 'height': 327, 'url': 'https://img-9gag-fun.9cache.com/photo/a0ePnzn_460s.jpg', 'webpUrl': 'https://img-9gag-fun.9cache.com/photo/a0ePnzn_460swp.webp'}, 'imageFbThumbnail': {'width': 220, 'height': 220, 'url': 'https://img-9gag-fun.9cache.com/photo/a0ePnzn_fbthumbnail.jpg'}}","{'likes': 1, 'dislikes': 0, 'comments': 0}",2024-05-18 21:07:48
azxLODN,Are there women on 9Gag?,http://9gag.com/gag/azxLODN,"{'image700': {'width': 700, 'height': 445, 'url': 'https://img-9gag-fun.9cache.com/photo/azxLODN_700b.jpg', 'webpUrl': 'https://img-9gag-fun.9cache.com/photo/azxLODN_700bwp.webp'}, 'image460': {'width': 460, 'height': 292, 'url': 'https://img-9gag-fun.9cache.com/photo/azxLODN_460s.jpg', 'webpUrl': 'https://img-9gag-fun.9cache.com/photo/azxLODN_460swp.webp'}, 'imageFbThumbnail': {'width': 220, 'height': 220, 'url': 'https://img-9gag-fun.9cache.com/photo/azxLODN_fbthumbnail.jpg'}}","{'likes': 363, 'dislikes': 54, 'comments': 17}",2024-05-18 21:02:05
agm0xvg,It's here...,http://9gag.com/gag/agm0xvg,"{'image700': {'width': 460, 'height': 260, 'url': 'https://img-9gag-fun.9cache.com/photo/agm0xvg_460s.jpg'}, 'image460': {'width': 460, 'height': 260, 'url': 'https://img-9gag-fun.9cache.com/photo/agm0xvg_460s.jpg', 'webpUrl': 'https://img-9gag-fun.9cache.com/photo/agm0xvg_460swp.webp'}, 'imageFbThumbnail': {'width': 220, 'height': 220, 'url': 'https://img-9gag-fun.9cache.com/photo/agm0xvg_fbthumbnail.jpg'}, 'image460sv': {'width': 460, 'height': 260, 'url': 'https://img-9gag-fun.9cache.com/photo/agm0xvg_460sv.mp4', 'hasAudio': 1, 'duration': 58, 'vp8Url': 'https://img-9gag-fun.9cache.com/photo/agm0xvg_460svwm.webm', 'h265Url': 'https://img-9gag-fun.9cache.com/photo/agm0xvg_460svh265.mp4', 'vp9Url': 'https://img-9gag-fun.9cache.com/photo/agm0xvg_460svvp9.webm', 'av1Url': 'https://img-9gag-fun.9cache.com/photo/agm0xvg_460svav1.mp4'}}","{'likes': 6995, 'dislikes': 325, 'comments': 359}",2024-05-18 16:12:37
a9yMmd6,Bubble,http://9gag.com/gag/a9yMmd6,"{'image700': {'width': 600, 'height': 816, 'url': 'https://img-9gag-fun.9cache.com/photo/a9yMmd6_700b.jpg', 'webpUrl': 'https://img-9gag-fun.9cache.com/photo/a9yMmd6_700bwp.webp'}, 'image460': {'width': 460, 'height': 625, 'url': 'https://img-9gag-fun.9cache.com/photo/a9yMmd6_460s.jpg', 'webpUrl': 'https://img-9gag-fun.9cache.com/photo/a9yMmd6_460swp.webp'}, 'imageFbThumbnail': {'width': 220, 'height': 220, 'url': 'https://img-9gag-fun.9cache.com/photo/a9yMmd6_fbthumbnail.jpg'}}","{'likes': 123, 'dislikes': 10, 'comments': 5}",2024-05-18 15:49:37
a34d0z3,"Cliche': A stereotype, A trite or overused expression or idea.",http://9gag.com/gag/a34d0z3,"{'image700': {'width': 700, 'height': 669, 'url': 'https://img-9gag-fun.9cache.com/photo/a34d0z3_700b.jpg', 'webpUrl': 'https://img-9gag-fun.9cache.com/photo/a34d0z3_700bwp.webp'}, 'image460': {'width': 460, 'height': 439, 'url': 'https://img-9gag-fun.9cache.com/photo/a34d0z3_460s.jpg', 'webpUrl': 'https://img-9gag-fun.9cache.com/photo/a34d0z3_460swp.webp'}, 'imageFbThumbnail': {'width': 220, 'height': 220, 'url': 'https://img-9gag-fun.9cache.com/photo/a34d0z3_fbthumbnail.jpg'}}","{'likes': 85, 'dislikes': 26, 'comments': 5}",2024-05-18 02:01:55
ajP6OL1,Sigh...,http://9gag.com/gag/ajP6OL1,"{'image700': {'width': 600, 'height': 403, 'url': 'https://img-9gag-fun.9cache.com/photo/ajP6OL1_700b.jpg', 'webpUrl': 'https://img-9gag-fun.9cache.com/photo/ajP6OL1_700bwp.webp'}, 'image460': {'width': 460, 'height': 308, 'url': 'https://img-9gag-fun.9cache.com/photo/ajP6OL1_460s.jpg', 'webpUrl': 'https://img-9gag-fun.9cache.com/photo/ajP6OL1_460swp.webp'}, 'imageFbThumbnail': {'width': 220, 'height': 220, 'url': 'https://img-9gag-fun.9cache.com/photo/ajP6OL1_fbthumbnail.jpg'}}","{'likes': 326, 'dislikes': 29, 'comments': 17}",2024-05-17 16:11:24
aE0GMoe,Let's go back to the 60s,http://9gag.com/gag/aE0GMoe,"{'image700': {'width': 700, 'height': 381, 'url': 'https://img-9gag-fun.9cache.com/photo/aE0GMoe_700b.jpg', 'webpUrl': 'https://img-9gag-fun.9cache.com/photo/aE0GMoe_700bwp.webp'}, 'image460': {'width': 460, 'height': 250, 'url': 'https://img-9gag-fun.9cache.com/photo/aE0GMoe_460s.jpg', 'webpUrl': 'https://img-9gag-fun.9cache.com/photo/aE0GMoe_460swp.webp'}, 'imageFbThumbnail': {'width': 220, 'height': 220, 'url': 'https://img-9gag-fun.9cache.com/photo/aE0GMoe_fbthumbnail.jpg'}}","{'likes': 15, 'dislikes': 107, 'comments': 9}",2024-05-16 22:23:42
adB6vn9,Sorry to make you read...,http://9gag.com/gag/adB6vn9,"{'image700': {'width': 640, 'height': 523, 'url': 'https://img-9gag-fun.9cache.com/photo/adB6vn9_700b.jpg', 'webpUrl': 'https://img-9gag-fun.9cache.com/photo/adB6vn9_700bwp.webp'}, 'image460': {'width': 460, 'height': 375, 'url': 'https://img-9gag-fun.9cache.com/photo/adB6vn9_460s.jpg', 'webpUrl': 'https://img-9gag-fun.9cache.com/photo/adB6vn9_460swp.webp'}, 'imageFbThumbnail': {'width': 220, 'height': 220, 'url': 'https://img-9gag-fun.9cache.com/photo/adB6vn9_fbthumbnail.jpg'}}","{'likes': 3, 'dislikes': 12, 'comments': 12}",2024-05-16 22:15:21
aPAyAzP,"If Disney remade X-Men with characters from their other classic movies, they could make $$$$ again...",http://9gag.com/gag/aPAyAzP,"{'image700': {'width': 526, 'height': 500, 'url': 'https://img-9gag-fun.9cache.com/photo/aPAyAzP_700b.jpg', 'webpUrl': 'https://img-9gag-fun.9cache.com/photo/aPAyAzP_700bwp.webp'}, 'image460': {'width': 460, 'height': 437, 'url': 'https://img-9gag-fun.9cache.com/photo/aPAyAzP_460s.jpg', 'webpUrl': 'https://img-9gag-fun.9cache.com/photo/aPAyAzP_460swp.webp'}, 'imageFbThumbnail': {'width': 220, 'height': 220, 'url': 'https://img-9gag-fun.9cache.com/photo/aPAyAzP_fbthumbnail.jpg'}}","{'likes': 16, 'dislikes': 14, 'comments': 3}",2024-05-16 16:34:37
aByQ2Nx,"Oh boy! fried chicken! wait, what? Oh boy! Puppies!",http://9gag.com/gag/aByQ2Nx,"{'image700': {'width': 500, 'height': 593, 'url': 'https://img-9gag-fun.9cache.com/photo/aByQ2Nx_700b.jpg', 'webpUrl': 'https://img-9gag-fun.9cache.com/photo/aByQ2Nx_700bwp.webp'}, 'image460': {'width': 460, 'height': 545, 'url': 'https://img-9gag-fun.9cache.com/photo/aByQ2Nx_460s.jpg', 'webpUrl': 'https://img-9gag-fun.9cache.com/photo/aByQ2Nx_460swp.webp'}, 'imageFbThumbnail': {'width': 220, 'height': 220, 'url': 'https://img-9gag-fun.9cache.com/photo/aByQ2Nx_fbthumbnail.jpg'}}","{'likes': 170, 'dislikes': 35, 'comments': 12}",2024-05-15 16:03:30
aRBg0r2,"I took this picture, would a scientist please explain the rainbow.",http://9gag.com/gag/aRBg0r2,"{'image700': {'width': 700, 'height': 466, 'url': 'https://img-9gag-fun.9cache.com/photo/aRBg0r2_700b.jpg', 'webpUrl': 'https://img-9gag-fun.9cache.com/photo/aRBg0r2_700bwp.webp'}, 'image460': {'width': 460, 'height': 306, 'url': 'https://img-9gag-fun.9cache.com/photo/aRBg0r2_460s.jpg', 'webpUrl': 'https://img-9gag-fun.9cache.com/photo/aRBg0r2_460swp.webp'}, 'imageFbThumbnail': {'width': 220, 'height': 220, 'url': 'https://img-9gag-fun.9cache.com/photo/aRBg0r2_fbthumbnail.jpg'}}","{'likes': 12, 'dislikes': 55, 'comments': 55}",2024-05-14 19:05:16
a1mZRr8,"This chart belongs on 9Gag, prove me wrong.",http://9gag.com/gag/a1mZRr8,"{'image700': {'width': 700, 'height': 489, 'url': 'https://img-9gag-fun.9cache.com/photo/a1mZRr8_700b.jpg', 'webpUrl': 'https://img-9gag-fun.9cache.com/photo/a1mZRr8_700bwp.webp'}, 'image460': {'width': 460, 'height': 321, 'url': 'https://img-9gag-fun.9cache.com/photo/a1mZRr8_460s.jpg', 'webpUrl': 'https://img-9gag-fun.9cache.com/photo/a1mZRr8_460swp.webp'}, 'imageFbThumbnail': {'width': 220, 'height': 220, 'url': 'https://img-9gag-fun.9cache.com/photo/a1mZRr8_fbthumbnail.jpg'}}","{'likes': 0, 'dislikes': 0, 'comments': 0}",2024-05-14 19:00:26
aryeGj5,"If you haven't seen it, you should.",http://9gag.com/gag/aryeGj5,"{'image700': {'width': 700, 'height': 541, 'url': 'https://img-9gag-fun.9cache.com/photo/aryeGj5_700b.jpg', 'webpUrl': 'https://img-9gag-fun.9cache.com/photo/aryeGj5_700bwp.webp'}, 'image460': {'width': 460, 'height': 355, 'url': 'https://img-9gag-fun.9cache.com/photo/aryeGj5_460s.jpg', 'webpUrl': 'https://img-9gag-fun.9cache.com/photo/aryeGj5_460swp.webp'}, 'imageFbThumbnail': {'width': 220, 'height': 220, 'url': 'https://img-9gag-fun.9cache.com/photo/aryeGj5_fbthumbnail.jpg'}}","{'likes': 0, 'dislikes': 0, 'comments': 0}",2024-05-14 16:14:45
aAyV38E,"If you think ""How beautiful"" you're young. if you think ""My God, who pays their heating bill!?"" you're old.",http://9gag.com/gag/aAyV38E,"{'image700': {'width': 370, 'height': 440, 'url': 'https://img-9gag-fun.9cache.com/photo/aAyV38E_460s.jpg'}, 'image460': {'width': 370, 'height': 440, 'url': 'https://img-9gag-fun.9cache.com/photo/aAyV38E_460s.jpg', 'webpUrl': 'https://img-9gag-fun.9cache.com/photo/aAyV38E_460swp.webp'}, 'imageFbThumbnail': {'width': 220, 'height': 220, 'url': 'https://img-9gag-fun.9cache.com/photo/aAyV38E_fbthumbnail.jpg'}, 'image460sv': {'width': 370, 'height': 440, 'url': 'https://img-9gag-fun.9cache.com/photo/aAyV38E_460sv.mp4', 'hasAudio': 0, 'duration': 9, 'vp8Url': 'https://img-9gag-fun.9cache.com/photo/aAyV38E_460svwm.webm', 'h265Url': 'https://img-9gag-fun.9cache.com/photo/aAyV38E_460svh265.mp4', 'vp9Url': 'https://img-9gag-fun.9cache.com/photo/aAyV38E_460svvp9.webm', 'av1Url': 'https://img-9gag-fun.9cache.com/photo/aAyV38E_460svav1.mp4'}}","{'likes': 4579, 'dislikes': 390, 'comments': 444}",2024-05-14 15:58:56
a9yMpvW,"Get it, get it?",http://9gag.com/gag/a9yMpvW,"{'image700': {'width': 500, 'height': 1032, 'url': 'https://img-9gag-fun.9cache.com/photo/a9yMpvW_700b.jpg', 'webpUrl': 'https://img-9gag-fun.9cache.com/photo/a9yMpvW_700bwp.webp'}, 'image460': {'width': 460, 'height': 949, 'url': 'https://img-9gag-fun.9cache.com/photo/a9yMpvW_460s.jpg', 'webpUrl': 'https://img-9gag-fun.9cache.com/photo/a9yMpvW_460swp.webp'}, 'imageFbThumbnail': {'width': 220, 'height': 220, 'url': 'https://img-9gag-fun.9cache.com/photo/a9yMpvW_fbthumbnail.jpg'}}","{'likes': 424, 'dislikes': 50, 'comments': 10}",2024-05-14 02:13:12
a9yMAYL,I like the way he checks his paddle first...,http://9gag.com/gag/a9yMAYL,"{'image700': {'width': 360, 'height': 357, 'url': 'https://img-9gag-fun.9cache.com/photo/a9yMAYL_460s.jpg'}, 'image460': {'width': 360, 'height': 357, 'url': 'https://img-9gag-fun.9cache.com/photo/a9yMAYL_460s.jpg', 'webpUrl': 'https://img-9gag-fun.9cache.com/photo/a9yMAYL_460swp.webp'}, 'imageFbThumbnail': {'width': 220, 'height': 220, 'url': 'https://img-9gag-fun.9cache.com/photo/a9yMAYL_fbthumbnail.jpg'}, 'image460sv': {'width': 360, 'height': 356, 'url': 'https://img-9gag-fun.9cache.com/photo/a9yMAYL_460sv.mp4', 'hasAudio': 0, 'duration': 5, 'vp8Url': 'https://img-9gag-fun.9cache.com/photo/a9yMAYL_460svwm.webm', 'h265Url': 'https://img-9gag-fun.9cache.com/photo/a9yMAYL_460svh265.mp4'}}","{'likes': 18, 'dislikes': 11, 'comments': 2}",2024-05-13 16:17:45
ae93YBj,Because cats!,http://9gag.com/gag/ae93YBj,"{'image700': {'width': 526, 'height': 702, 'url': 'https://img-9gag-fun.9cache.com/photo/ae93YBj_700b.jpg', 'webpUrl': 'https://img-9gag-fun.9cache.com/photo/ae93YBj_700bwp.webp'}, 'image460': {'width': 460, 'height': 613, 'url': 'https://img-9gag-fun.9cache.com/photo/ae93YBj_460s.jpg', 'webpUrl': 'https://img-9gag-fun.9cache.com/photo/ae93YBj_460swp.webp'}, 'imageFbThumbnail': {'width': 220, 'height': 220, 'url': 'https://img-9gag-fun.9cache.com/photo/ae93YBj_fbthumbnail.jpg'}}","{'likes': 98, 'dislikes': 33, 'comments': 8}",2024-05-13 03:02:19
abAq0Y9,Just one piece for me thanks...,http://9gag.com/gag/abAq0Y9,"{'image700': {'width': 526, 'height': 517, 'url': 'https://img-9gag-fun.9cache.com/photo/abAq0Y9_700b.jpg', 'webpUrl': 'https://img-9gag-fun.9cache.com/photo/abAq0Y9_700bwp.webp'}, 'image460': {'width': 460, 'height': 452, 'url': 'https://img-9gag-fun.9cache.com/photo/abAq0Y9_460s.jpg', 'webpUrl': 'https://img-9gag-fun.9cache.com/photo/abAq0Y9_460swp.webp'}, 'imageFbThumbnail': {'width': 220, 'height': 220, 'url': 'https://img-9gag-fun.9cache.com/photo/abAq0Y9_fbthumbnail.jpg'}}","{'likes': 169, 'dislikes': 44, 'comments': 15}",2024-05-12 02:27:28
aYQpeYx,If I only had a dollar,http://9gag.com/gag/aYQpeYx,"{'image700': {'width': 700, 'height': 700, 'url': 'https://img-9gag-fun.9cache.com/photo/aYQpeYx_700b.jpg', 'webpUrl': 'https://img-9gag-fun.9cache.com/photo/aYQpeYx_700bwp.webp'}, 'image460': {'width': 460, 'height': 460, 'url': 'https://img-9gag-fun.9cache.com/photo/aYQpeYx_460s.jpg', 'webpUrl': 'https://img-9gag-fun.9cache.com/photo/aYQpeYx_460swp.webp'}, 'imageFbThumbnail': {'width': 220, 'height': 220, 'url': 'https://img-9gag-fun.9cache.com/photo/aYQpeYx_fbthumbnail.jpg'}}","{'likes': 2157, 'dislikes': 105, 'comments': 26}",2024-05-12 02:14:25
aZZWM3X,Bennie has a message...,http://9gag.com/gag/aZZWM3X,"{'image700': {'width': 700, 'height': 466, 'url': 'https://img-9gag-fun.9cache.com/photo/aZZWM3X_700b.jpg', 'webpUrl': 'https://img-9gag-fun.9cache.com/photo/aZZWM3X_700bwp.webp'}, 'image460': {'width': 460, 'height': 306, 'url': 'https://img-9gag-fun.9cache.com/photo/aZZWM3X_460s.jpg', 'webpUrl': 'https://img-9gag-fun.9cache.com/photo/aZZWM3X_460swp.webp'}, 'imageFbThumbnail': {'width': 220, 'height': 220, 'url': 'https://img-9gag-fun.9cache.com/photo/aZZWM3X_fbthumbnail.jpg'}}","{'likes': 6, 'dislikes': 6, 'comments': 1}",2024-05-12 02:07:06
aD2wmRB,I'll just leave this here,http://9gag.com/gag/aD2wmRB,"{'image700': {'width': 526, 'height': 708, 'url': 'https://img-9gag-fun.9cache.com/photo/aD2wmRB_700b.jpg', 'webpUrl': 'https://img-9gag-fun.9cache.com/photo/aD2wmRB_700bwp.webp'}, 'image460': {'width': 460, 'height': 619, 'url': 'https://img-9gag-fun.9cache.com/photo/aD2wmRB_460s.jpg', 'webpUrl': 'https://img-9gag-fun.9cache.com/photo/aD2wmRB_460swp.webp'}, 'imageFbThumbnail': {'width': 220, 'height': 220, 'url': 'https://img-9gag-fun.9cache.com/photo/aD2wmRB_fbthumbnail.jpg'}}","{'likes': 2, 'dislikes': 0, 'comments': 0}",2024-05-11 16:11:39
awyb7N1,"Been there, done that.",http://9gag.com/gag/awyb7N1,"{'image700': {'width': 681, 'height': 473, 'url': 'https://img-9gag-fun.9cache.com/photo/awyb7N1_700b.jpg', 'webpUrl': 'https://img-9gag-fun.9cache.com/photo/awyb7N1_700bwp.webp'}, 'image460': {'width': 460, 'height': 319, 'url': 'https://img-9gag-fun.9cache.com/photo/awyb7N1_460s.jpg', 'webpUrl': 'https://img-9gag-fun.9cache.com/photo/awyb7N1_460swp.webp'}, 'imageFbThumbnail': {'width': 220, 'height': 220, 'url': 'https://img-9gag-fun.9cache.com/photo/awyb7N1_fbthumbnail.jpg'}}","{'likes': 11, 'dislikes': 4, 'comments': 2}",2024-05-11 16:06:35
aE0GGVn,True,http://9gag.com/gag/aE0GGVn,"{'image700': {'width': 700, 'height': 391, 'url': 'https://img-9gag-fun.9cache.com/photo/aE0GGVn_700b.jpg', 'webpUrl': 'https://img-9gag-fun.9cache.com/photo/aE0GGVn_700bwp.webp'}, 'image460': {'width': 460, 'height': 257, 'url': 'https://img-9gag-fun.9cache.com/photo/aE0GGVn_460s.jpg', 'webpUrl': 'https://img-9gag-fun.9cache.com/photo/aE0GGVn_460swp.webp'}, 'imageFbThumbnail': {'width': 220, 'height': 220, 'url': 'https://img-9gag-fun.9cache.com/photo/aE0GGVn_fbthumbnail.jpg'}}","{'likes': 107, 'dislikes': 109, 'comments': 45}",2024-05-11 00:50:58
aByQKgO,Grandma? Hello?,http://9gag.com/gag/aByQKgO,"{'image700': {'width': 526, 'height': 899, 'url': 'https://img-9gag-fun.9cache.com/photo/aByQKgO_700b.jpg', 'webpUrl': 'https://img-9gag-fun.9cache.com/photo/aByQKgO_700bwp.webp'}, 'image460': {'width': 460, 'height': 786, 'url': 'https://img-9gag-fun.9cache.com/photo/aByQKgO_460s.jpg', 'webpUrl': 'https://img-9gag-fun.9cache.com/photo/aByQKgO_460swp.webp'}, 'imageFbThumbnail': {'width': 220, 'height': 220, 'url': 'https://img-9gag-fun.9cache.com/photo/aByQKgO_fbthumbnail.jpg'}}","{'likes': 36, 'dislikes': 11, 'comments': 6}",2024-05-10 16:17:22
aoyZzew,"Notice how as the Country grew, the Federal Government got greedier....",http://9gag.com/gag/aoyZzew,"{'image700': {'width': 700, 'height': 525, 'url': 'https://img-9gag-fun.9cache.com/photo/aoyZzew_700b.jpg', 'webpUrl': 'https://img-9gag-fun.9cache.com/photo/aoyZzew_700bwp.webp'}, 'image460': {'width': 460, 'height': 345, 'url': 'https://img-9gag-fun.9cache.com/photo/aoyZzew_460s.jpg', 'webpUrl': 'https://img-9gag-fun.9cache.com/photo/aoyZzew_460swp.webp'}, 'imageFbThumbnail': {'width': 220, 'height': 220, 'url': 'https://img-9gag-fun.9cache.com/photo/aoyZzew_fbthumbnail.jpg'}}","{'likes': 1, 'dislikes': 3, 'comments': 2}",2024-05-10 16:11:39
an7XqXL,Made me chuckle,http://9gag.com/gag/an7XqXL,"{'image700': {'width': 700, 'height': 546, 'url': 'https://img-9gag-fun.9cache.com/photo/an7XqXL_700b.jpg', 'webpUrl': 'https://img-9gag-fun.9cache.com/photo/an7XqXL_700bwp.webp'}, 'image460': {'width': 460, 'height': 359, 'url': 'https://img-9gag-fun.9cache.com/photo/an7XqXL_460s.jpg', 'webpUrl': 'https://img-9gag-fun.9cache.com/photo/an7XqXL_460swp.webp'}, 'imageFbThumbnail': {'width': 220, 'height': 220, 'url': 'https://img-9gag-fun.9cache.com/photo/an7XqXL_fbthumbnail.jpg'}}","{'likes': 458, 'dislikes': 109, 'comments': 23}",2024-05-10 05:16:01
aLnQ615,I wish I looked as good in my hat as this dog looks in his...,http://9gag.com/gag/aLnQ615,"{'image700': {'width': 526, 'height': 1111, 'url': 'https://img-9gag-fun.9cache.com/photo/aLnQ615_700b.jpg', 'webpUrl': 'https://img-9gag-fun.9cache.com/photo/aLnQ615_700bwp.webp'}, 'image460': {'width': 460, 'height': 971, 'url': 'https://img-9gag-fun.9cache.com/photo/aLnQ615_460s.jpg', 'webpUrl': 'https://img-9gag-fun.9cache.com/photo/aLnQ615_460swp.webp'}, 'imageFbThumbnail': {'width': 220, 'height': 220, 'url': 'https://img-9gag-fun.9cache.com/photo/aLnQ615_fbthumbnail.jpg'}}","{'likes': 2573, 'dislikes': 78, 'comments': 45}",2024-05-09 22:26:31
aZZWqWW,"OK, Captain Dead Dad!",http://9gag.com/gag/aZZWqWW,"{'image700': {'width': 598, 'height': 540, 'url': 'https://img-9gag-fun.9cache.com/photo/aZZWqWW_700b.jpg', 'webpUrl': 'https://img-9gag-fun.9cache.com/photo/aZZWqWW_700bwp.webp'}, 'image460': {'width': 460, 'height': 415, 'url': 'https://img-9gag-fun.9cache.com/photo/aZZWqWW_460s.jpg', 'webpUrl': 'https://img-9gag-fun.9cache.com/photo/aZZWqWW_460swp.webp'}, 'imageFbThumbnail': {'width': 220, 'height': 220, 'url': 'https://img-9gag-fun.9cache.com/photo/aZZWqWW_fbthumbnail.jpg'}}","{'likes': 243, 'dislikes': 66, 'comments': 11}",2024-05-09 19:48:22
aNDe6BA,I bet Dog Death is really nice about it...,http://9gag.com/gag/aNDe6BA,"{'image700': {'width': 504, 'height': 600, 'url': 'https://img-9gag-fun.9cache.com/photo/aNDe6BA_700b.jpg', 'webpUrl': 'https://img-9gag-fun.9cache.com/photo/aNDe6BA_700bwp.webp'}, 'image460': {'width': 460, 'height': 547, 'url': 'https://img-9gag-fun.9cache.com/photo/aNDe6BA_460s.jpg', 'webpUrl': 'https://img-9gag-fun.9cache.com/photo/aNDe6BA_460swp.webp'}, 'imageFbThumbnail': {'width': 220, 'height': 220, 'url': 'https://img-9gag-fun.9cache.com/photo/aNDe6BA_fbthumbnail.jpg'}}","{'likes': 0, 'dislikes': 0, 'comments': 0}",2024-05-08 20:43:11
awyr6g8,I'm going to test this hypothesis...,http://9gag.com/gag/awyr6g8,"{'image700': {'width': 615, 'height': 469, 'url': 'https://img-9gag-fun.9cache.com/photo/awyr6g8_700b.jpg', 'webpUrl': 'https://img-9gag-fun.9cache.com/photo/awyr6g8_700bwp.webp'}, 'image460': {'width': 460, 'height': 350, 'url': 'https://img-9gag-fun.9cache.com/photo/awyr6g8_460s.jpg', 'webpUrl': 'https://img-9gag-fun.9cache.com/photo/awyr6g8_460swp.webp'}, 'imageFbThumbnail': {'width': 220, 'height': 220, 'url': 'https://img-9gag-fun.9cache.com/photo/awyr6g8_fbthumbnail.jpg'}}","{'likes': 48, 'dislikes': 12, 'comments': 2}",2024-05-08 20:01:08
a34Ym65,"Must be one of them ""Cursed"" images...",http://9gag.com/gag/a34Ym65,"{'image700': {'width': 600, 'height': 755, 'url': 'https://img-9gag-fun.9cache.com/photo/a34Ym65_700b.jpg', 'webpUrl': 'https://img-9gag-fun.9cache.com/photo/a34Ym65_700bwp.webp'}, 'image460': {'width': 460, 'height': 578, 'url': 'https://img-9gag-fun.9cache.com/photo/a34Ym65_460s.jpg', 'webpUrl': 'https://img-9gag-fun.9cache.com/photo/a34Ym65_460swp.webp'}, 'imageFbThumbnail': {'width': 220, 'height': 220, 'url': 'https://img-9gag-fun.9cache.com/photo/a34Ym65_fbthumbnail.jpg'}}","{'likes': 56, 'dislikes': 17, 'comments': 13}",2024-05-08 15:55:34
adBNGR9,I can't wait to try mine!,http://9gag.com/gag/adBNGR9,"{'image700': {'width': 700, 'height': 367, 'url': 'https://img-9gag-fun.9cache.com/photo/adBNGR9_700b.jpg', 'webpUrl': 'https://img-9gag-fun.9cache.com/photo/adBNGR9_700bwp.webp'}, 'image460': {'width': 460, 'height': 241, 'url': 'https://img-9gag-fun.9cache.com/photo/adBNGR9_460s.jpg', 'webpUrl': 'https://img-9gag-fun.9cache.com/photo/adBNGR9_460swp.webp'}, 'imageFbThumbnail': {'width': 220, 'height': 220, 'url': 'https://img-9gag-fun.9cache.com/photo/adBNGR9_fbthumbnail.jpg'}}","{'likes': 1636, 'dislikes': 77, 'comments': 87}",2024-05-08 03:52:24
aAyYzwL,Duh...,http://9gag.com/gag/aAyYzwL,"{'image700': {'width': 700, 'height': 760, 'url': 'https://img-9gag-fun.9cache.com/photo/aAyYzwL_700b.jpg', 'webpUrl': 'https://img-9gag-fun.9cache.com/photo/aAyYzwL_700bwp.webp'}, 'image460': {'width': 460, 'height': 499, 'url': 'https://img-9gag-fun.9cache.com/photo/aAyYzwL_460s.jpg', 'webpUrl': 'https://img-9gag-fun.9cache.com/photo/aAyYzwL_460swp.webp'}, 'imageFbThumbnail': {'width': 220, 'height': 220, 'url': 'https://img-9gag-fun.9cache.com/photo/aAyYzwL_fbthumbnail.jpg'}}","{'likes': 9, 'dislikes': 4, 'comments': 4}",2024-05-07 16:24:04
a1mAgNY,A joke to go,http://9gag.com/gag/a1mAgNY,"{'image700': {'width': 260, 'height': 316, 'url': 'https://img-9gag-fun.9cache.com/photo/a1mAgNY_460s.jpg'}, 'image460': {'width': 260, 'height': 316, 'url': 'https://img-9gag-fun.9cache.com/photo/a1mAgNY_460s.jpg', 'webpUrl': 'https://img-9gag-fun.9cache.com/photo/a1mAgNY_460swp.webp'}, 'imageFbThumbnail': {'width': 220, 'height': 220, 'url': 'https://img-9gag-fun.9cache.com/photo/a1mAgNY_fbthumbnail.jpg'}, 'image460sv': {'width': 260, 'height': 316, 'url': 'https://img-9gag-fun.9cache.com/photo/a1mAgNY_460sv.mp4', 'hasAudio': 0, 'duration': 13, 'vp8Url': 'https://img-9gag-fun.9cache.com/photo/a1mAgNY_460svwm.webm', 'h265Url': 'https://img-9gag-fun.9cache.com/photo/a1mAgNY_460svh265.mp4'}}","{'likes': 115, 'dislikes': 87, 'comments': 5}",2024-05-06 16:11:49
aryp0py,"Movie recommendation for you, starts slow, ends on a high!",http://9gag.com/gag/aryp0py,"{'image700': {'width': 700, 'height': 1050, 'url': 'https://img-9gag-fun.9cache.com/photo/aryp0py_700b.jpg', 'webpUrl': 'https://img-9gag-fun.9cache.com/photo/aryp0py_700bwp.webp'}, 'image460': {'width': 460, 'height': 690, 'url': 'https://img-9gag-fun.9cache.com/photo/aryp0py_460s.jpg', 'webpUrl': 'https://img-9gag-fun.9cache.com/photo/aryp0py_460swp.webp'}, 'imageFbThumbnail': {'width': 220, 'height': 220, 'url': 'https://img-9gag-fun.9cache.com/photo/aryp0py_fbthumbnail.jpg'}}","{'likes': 9, 'dislikes': 4, 'comments': 1}",2024-05-06 03:30:42
ayN5ZRW,Happy Cinco de Mayo!,http://9gag.com/gag/ayN5ZRW,"{'image700': {'width': 700, 'height': 700, 'url': 'https://img-9gag-fun.9cache.com/photo/ayN5ZRW_700b.jpg', 'webpUrl': 'https://img-9gag-fun.9cache.com/photo/ayN5ZRW_700bwp.webp'}, 'image460': {'width': 460, 'height': 460, 'url': 'https://img-9gag-fun.9cache.com/photo/ayN5ZRW_460s.jpg', 'webpUrl': 'https://img-9gag-fun.9cache.com/photo/ayN5ZRW_460swp.webp'}, 'imageFbThumbnail': {'width': 220, 'height': 220, 'url': 'https://img-9gag-fun.9cache.com/photo/ayN5ZRW_fbthumbnail.jpg'}}","{'likes': 1, 'dislikes': 1, 'comments': 2}",2024-05-05 15:41:49
aRBQNvj,Mr. Audie Murphy,http://9gag.com/gag/aRBQNvj,"{'image700': {'width': 526, 'height': 717, 'url': 'https://img-9gag-fun.9cache.com/photo/aRBQNvj_700b.jpg', 'webpUrl': 'https://img-9gag-fun.9cache.com/photo/aRBQNvj_700bwp.webp'}, 'image460': {'width': 460, 'height': 627, 'url': 'https://img-9gag-fun.9cache.com/photo/aRBQNvj_460s.jpg', 'webpUrl': 'https://img-9gag-fun.9cache.com/photo/aRBQNvj_460swp.webp'}, 'imageFbThumbnail': {'width': 220, 'height': 220, 'url': 'https://img-9gag-fun.9cache.com/photo/aRBQNvj_fbthumbnail.jpg'}}","{'likes': 0, 'dislikes': 0, 'comments': 0}",2024-05-05 05:01:14
abA5d0B,Tomorrow,http://9gag.com/gag/abA5d0B,"{'image700': {'width': 320, 'height': 245, 'url': 'https://img-9gag-fun.9cache.com/photo/abA5d0B_700b.jpg', 'webpUrl': 'https://img-9gag-fun.9cache.com/photo/abA5d0B_700bwp.webp'}, 'image460': {'width': 320, 'height': 245, 'url': 'https://img-9gag-fun.9cache.com/photo/abA5d0B_460s.jpg', 'webpUrl': 'https://img-9gag-fun.9cache.com/photo/abA5d0B_460swp.webp'}, 'imageFbThumbnail': {'width': 220, 'height': 220, 'url': 'https://img-9gag-fun.9cache.com/photo/abA5d0B_fbthumbnail.jpg'}}","{'likes': 1, 'dislikes': 0, 'comments': 0}",2024-05-04 16:04:12
aD20Q3x,Put oops in the title.,http://9gag.com/gag/aD20Q3x,"{'image700': {'width': 700, 'height': 400, 'url': 'https://img-9gag-fun.9cache.com/photo/aD20Q3x_700b.jpg', 'webpUrl': 'https://img-9gag-fun.9cache.com/photo/aD20Q3x_700bwp.webp'}, 'image460': {'width': 460, 'height': 263, 'url': 'https://img-9gag-fun.9cache.com/photo/aD20Q3x_460s.jpg', 'webpUrl': 'https://img-9gag-fun.9cache.com/photo/aD20Q3x_460swp.webp'}, 'imageFbThumbnail': {'width': 220, 'height': 220, 'url': 'https://img-9gag-fun.9cache.com/photo/aD20Q3x_fbthumbnail.jpg'}}","{'likes': 0, 'dislikes': 0, 'comments': 0}",2024-05-03 19:32:24
a5Qd5PN,"Okay, on three.... ""SQUIRREL!""",http://9gag.com/gag/a5Qd5PN,"{'image700': {'width': 700, 'height': 466, 'url': 'https://img-9gag-fun.9cache.com/photo/a5Qd5PN_700b.jpg', 'webpUrl': 'https://img-9gag-fun.9cache.com/photo/a5Qd5PN_700bwp.webp'}, 'image460': {'width': 460, 'height': 306, 'url': 'https://img-9gag-fun.9cache.com/photo/a5Qd5PN_460s.jpg', 'webpUrl': 'https://img-9gag-fun.9cache.com/photo/a5Qd5PN_460swp.webp'}, 'imageFbThumbnail': {'width': 220, 'height': 220, 'url': 'https://img-9gag-fun.9cache.com/photo/a5Qd5PN_fbthumbnail.jpg'}}","{'likes': 72, 'dislikes': 15, 'comments': 3}",2024-05-03 19:30:11
amoXxjX,You gotta love a girl that can cook...,http://9gag.com/gag/amoXxjX,"{'image700': {'width': 600, 'height': 826, 'url': 'https://img-9gag-fun.9cache.com/photo/amoXxjX_700b.jpg', 'webpUrl': 'https://img-9gag-fun.9cache.com/photo/amoXxjX_700bwp.webp'}, 'image460': {'width': 460, 'height': 633, 'url': 'https://img-9gag-fun.9cache.com/photo/amoXxjX_460s.jpg', 'webpUrl': 'https://img-9gag-fun.9cache.com/photo/amoXxjX_460swp.webp'}, 'imageFbThumbnail': {'width': 220, 'height': 220, 'url': 'https://img-9gag-fun.9cache.com/photo/amoXxjX_fbthumbnail.jpg'}}","{'likes': 67, 'dislikes': 3, 'comments': 2}",2024-05-02 16:17:54
aByKPE2,"My dog Bennie meets Diesel, 21Lbs vs 210lbs",http://9gag.com/gag/aByKPE2,"{'image700': {'width': 505, 'height': 480, 'url': 'https://img-9gag-fun.9cache.com/photo/aByKPE2_700b.jpg', 'webpUrl': 'https://img-9gag-fun.9cache.com/photo/aByKPE2_700bwp.webp'}, 'image460': {'width': 460, 'height': 437, 'url': 'https://img-9gag-fun.9cache.com/photo/aByKPE2_460s.jpg', 'webpUrl': 'https://img-9gag-fun.9cache.com/photo/aByKPE2_460swp.webp'}, 'imageFbThumbnail': {'width': 220, 'height': 220, 'url': 'https://img-9gag-fun.9cache.com/photo/aByKPE2_fbthumbnail.jpg'}}","{'likes': 22, 'dislikes': 8, 'comments': 6}",2024-05-02 03:01:33
aPAvm0w,Great sequence,http://9gag.com/gag/aPAvm0w,"{'image700': {'width': 460, 'height': 240, 'url': 'https://img-9gag-fun.9cache.com/photo/aPAvm0w_460s.jpg'}, 'image460': {'width': 460, 'height': 240, 'url': 'https://img-9gag-fun.9cache.com/photo/aPAvm0w_460s.jpg', 'webpUrl': 'https://img-9gag-fun.9cache.com/photo/aPAvm0w_460swp.webp'}, 'imageFbThumbnail': {'width': 220, 'height': 220, 'url': 'https://img-9gag-fun.9cache.com/photo/aPAvm0w_fbthumbnail.jpg'}, 'image460sv': {'width': 460, 'height': 240, 'url': 'https://img-9gag-fun.9cache.com/photo/aPAvm0w_460sv.mp4', 'hasAudio': 1, 'duration': 51, 'vp8Url': 'https://img-9gag-fun.9cache.com/photo/aPAvm0w_460svwm.webm', 'h265Url': 'https://img-9gag-fun.9cache.com/photo/aPAvm0w_460svh265.mp4', 'vp9Url': 'https://img-9gag-fun.9cache.com/photo/aPAvm0w_460svvp9.webm', 'av1Url': 'https://img-9gag-fun.9cache.com/photo/aPAvm0w_460svav1.mp4'}}","{'likes': 1414, 'dislikes': 79, 'comments': 32}",2024-05-01 00:51:29
awyr38r,I see what he did there...,http://9gag.com/gag/awyr38r,"{'image700': {'width': 276, 'height': 440, 'url': 'https://img-9gag-fun.9cache.com/photo/awyr38r_700b.jpg', 'webpUrl': 'https://img-9gag-fun.9cache.com/photo/awyr38r_700bwp.webp'}, 'image460': {'width': 276, 'height': 440, 'url': 'https://img-9gag-fun.9cache.com/photo/awyr38r_460s.jpg', 'webpUrl': 'https://img-9gag-fun.9cache.com/photo/awyr38r_460swp.webp'}, 'imageFbThumbnail': {'width': 220, 'height': 220, 'url': 'https://img-9gag-fun.9cache.com/photo/awyr38r_fbthumbnail.jpg'}}","{'likes': 418, 'dislikes': 99, 'comments': 56}",2024-04-30 23:53:50
aXPbLGd,Ha!,http://9gag.com/gag/aXPbLGd,"{'image700': {'width': 320, 'height': 381, 'url': 'https://img-9gag-fun.9cache.com/photo/aXPbLGd_700b.jpg', 'webpUrl': 'https://img-9gag-fun.9cache.com/photo/aXPbLGd_700bwp.webp'}, 'image460': {'width': 320, 'height': 381, 'url': 'https://img-9gag-fun.9cache.com/photo/aXPbLGd_460s.jpg', 'webpUrl': 'https://img-9gag-fun.9cache.com/photo/aXPbLGd_460swp.webp'}, 'imageFbThumbnail': {'width': 220, 'height': 220, 'url': 'https://img-9gag-fun.9cache.com/photo/aXPbLGd_fbthumbnail.jpg'}}","{'likes': 2459, 'dislikes': 175, 'comments': 60}",2024-04-30 16:36:14
a9ydzOo,Feet,http://9gag.com/gag/a9ydzOo,"{'image700': {'width': 600, 'height': 819, 'url': 'https://img-9gag-fun.9cache.com/photo/a9ydzOo_700b.jpg', 'webpUrl': 'https://img-9gag-fun.9cache.com/photo/a9ydzOo_700bwp.webp'}, 'image460': {'width': 460, 'height': 627, 'url': 'https://img-9gag-fun.9cache.com/photo/a9ydzOo_460s.jpg', 'webpUrl': 'https://img-9gag-fun.9cache.com/photo/a9ydzOo_460swp.webp'}, 'imageFbThumbnail': {'width': 220, 'height': 220, 'url': 'https://img-9gag-fun.9cache.com/photo/a9ydzOo_fbthumbnail.jpg'}}","{'likes': 15, 'dislikes': 4, 'comments': 0}",2024-04-30 15:58:24
an7Y7XE,A useful skill to know...,http://9gag.com/gag/an7Y7XE,"{'image700': {'width': 700, 'height': 681, 'url': 'https://img-9gag-fun.9cache.com/photo/an7Y7XE_700b.jpg', 'webpUrl': 'https://img-9gag-fun.9cache.com/photo/an7Y7XE_700bwp.webp'}, 'image460': {'width': 460, 'height': 447, 'url': 'https://img-9gag-fun.9cache.com/photo/an7Y7XE_460s.jpg', 'webpUrl': 'https://img-9gag-fun.9cache.com/photo/an7Y7XE_460swp.webp'}, 'imageFbThumbnail': {'width': 220, 'height': 220, 'url': 'https://img-9gag-fun.9cache.com/photo/an7Y7XE_fbthumbnail.jpg'}}","{'likes': 594, 'dislikes': 38, 'comments': 13}",2024-04-30 00:48:26
aNDep73,"This was on TV tonight, held up really well.",http://9gag.com/gag/aNDep73,"{'image700': {'width': 700, 'height': 933, 'url': 'https://img-9gag-fun.9cache.com/photo/aNDep73_700b.jpg', 'webpUrl': 'https://img-9gag-fun.9cache.com/photo/aNDep73_700bwp.webp'}, 'image460': {'width': 460, 'height': 613, 'url': 'https://img-9gag-fun.9cache.com/photo/aNDep73_460s.jpg', 'webpUrl': 'https://img-9gag-fun.9cache.com/photo/aNDep73_460swp.webp'}, 'imageFbThumbnail': {'width': 220, 'height': 220, 'url': 'https://img-9gag-fun.9cache.com/photo/aNDep73_fbthumbnail.jpg'}}","{'likes': 186, 'dislikes': 45, 'comments': 16}",2024-04-29 05:08:56
aW4Zjrx,Oh thank God!,http://9gag.com/gag/aW4Zjrx,"{'image700': {'width': 517, 'height': 640, 'url': 'https://img-9gag-fun.9cache.com/photo/aW4Zjrx_700b.jpg', 'webpUrl': 'https://img-9gag-fun.9cache.com/photo/aW4Zjrx_700bwp.webp'}, 'image460': {'width': 460, 'height': 569, 'url': 'https://img-9gag-fun.9cache.com/photo/aW4Zjrx_460s.jpg', 'webpUrl': 'https://img-9gag-fun.9cache.com/photo/aW4Zjrx_460swp.webp'}, 'imageFbThumbnail': {'width': 220, 'height': 220, 'url': 'https://img-9gag-fun.9cache.com/photo/aW4Zjrx_fbthumbnail.jpg'}}","{'likes': 940, 'dislikes': 268, 'comments': 28}",2024-04-29 05:03:38
a87WEed,"Some people see earthquakes as scary or dangerous, I see them as an opportunity...",http://9gag.com/gag/a87WEed,"{'image700': {'width': 526, 'height': 695, 'url': 'https://img-9gag-fun.9cache.com/photo/a87WEed_700b.jpg', 'webpUrl': 'https://img-9gag-fun.9cache.com/photo/a87WEed_700bwp.webp'}, 'image460': {'width': 460, 'height': 607, 'url': 'https://img-9gag-fun.9cache.com/photo/a87WEed_460s.jpg', 'webpUrl': 'https://img-9gag-fun.9cache.com/photo/a87WEed_460swp.webp'}, 'imageFbThumbnail': {'width': 220, 'height': 220, 'url': 'https://img-9gag-fun.9cache.com/photo/a87WEed_fbthumbnail.jpg'}}","{'likes': 149, 'dislikes': 28, 'comments': 12}",2024-04-29 01:04:33
aqymnVj,Racists!,http://9gag.com/gag/aqymnVj,"{'image700': {'width': 506, 'height': 540, 'url': 'https://img-9gag-fun.9cache.com/photo/aqymnVj_700b.jpg', 'webpUrl': 'https://img-9gag-fun.9cache.com/photo/aqymnVj_700bwp.webp'}, 'image460': {'width': 460, 'height': 490, 'url': 'https://img-9gag-fun.9cache.com/photo/aqymnVj_460s.jpg', 'webpUrl': 'https://img-9gag-fun.9cache.com/photo/aqymnVj_460swp.webp'}, 'imageFbThumbnail': {'width': 220, 'height': 220, 'url': 'https://img-9gag-fun.9cache.com/photo/aqymnVj_fbthumbnail.jpg'}}","{'likes': 0, 'dislikes': 0, 'comments': 0}",2024-04-28 18:23:49
aE0wgBp,A catchy little tuna for you to enjoy...,http://9gag.com/gag/aE0wgBp,"{'image700': {'width': 438, 'height': 854, 'url': 'https://img-9gag-fun.9cache.com/photo/aE0wgBp_460s.jpg'}, 'image460': {'width': 438, 'height': 854, 'url': 'https://img-9gag-fun.9cache.com/photo/aE0wgBp_460s.jpg', 'webpUrl': 'https://img-9gag-fun.9cache.com/photo/aE0wgBp_460swp.webp'}, 'imageFbThumbnail': {'width': 220, 'height': 220, 'url': 'https://img-9gag-fun.9cache.com/photo/aE0wgBp_fbthumbnail.jpg'}, 'image460sv': {'width': 438, 'height': 854, 'url': 'https://img-9gag-fun.9cache.com/photo/aE0wgBp_460sv.mp4', 'hasAudio': 1, 'duration': 32, 'vp8Url': 'https://img-9gag-fun.9cache.com/photo/aE0wgBp_460svwm.webm', 'h265Url': 'https://img-9gag-fun.9cache.com/photo/aE0wgBp_460svh265.mp4', 'vp9Url': 'https://img-9gag-fun.9cache.com/photo/aE0wgBp_460svvp9.webm', 'av1Url': 'https://img-9gag-fun.9cache.com/photo/aE0wgBp_460svav1.mp4'}}","{'likes': 616, 'dislikes': 163, 'comments': 28}",2024-04-28 02:54:53
azxb9gK,"Yay, science!",http://9gag.com/gag/azxb9gK,"{'image700': {'width': 700, 'height': 686, 'url': 'https://img-9gag-fun.9cache.com/photo/azxb9gK_700b.jpg', 'webpUrl': 'https://img-9gag-fun.9cache.com/photo/azxb9gK_700bwp.webp'}, 'image460': {'width': 460, 'height': 451, 'url': 'https://img-9gag-fun.9cache.com/photo/azxb9gK_460s.jpg', 'webpUrl': 'https://img-9gag-fun.9cache.com/photo/azxb9gK_460swp.webp'}, 'imageFbThumbnail': {'width': 220, 'height': 220, 'url': 'https://img-9gag-fun.9cache.com/photo/azxb9gK_fbthumbnail.jpg'}}","{'likes': 54, 'dislikes': 58, 'comments': 41}",2024-04-27 16:02:43
aqym13R,"Hey, let's move to India! wait, never mind.",http://9gag.com/gag/aqym13R,"{'image700': {'width': 260, 'height': 462, 'url': 'https://img-9gag-fun.9cache.com/photo/aqym13R_460s.jpg'}, 'image460': {'width': 260, 'height': 462, 'url': 'https://img-9gag-fun.9cache.com/photo/aqym13R_460s.jpg', 'webpUrl': 'https://img-9gag-fun.9cache.com/photo/aqym13R_460swp.webp'}, 'imageFbThumbnail': {'width': 220, 'height': 220, 'url': 'https://img-9gag-fun.9cache.com/photo/aqym13R_fbthumbnail.jpg'}, 'image460sv': {'width': 260, 'height': 462, 'url': 'https://img-9gag-fun.9cache.com/photo/aqym13R_460sv.mp4', 'hasAudio': 0, 'duration': 9, 'vp8Url': 'https://img-9gag-fun.9cache.com/photo/aqym13R_460svwm.webm', 'h265Url': 'https://img-9gag-fun.9cache.com/photo/aqym13R_460svh265.mp4', 'vp9Url': 'https://img-9gag-fun.9cache.com/photo/aqym13R_460svvp9.webm'}}","{'likes': 17, 'dislikes': 11, 'comments': 16}",2024-04-27 04:50:38
an7YjLL,Let's hope so,http://9gag.com/gag/an7YjLL,"{'image700': {'width': 480, 'height': 639, 'url': 'https://img-9gag-fun.9cache.com/photo/an7YjLL_700b.jpg', 'webpUrl': 'https://img-9gag-fun.9cache.com/photo/an7YjLL_700bwp.webp'}, 'image460': {'width': 460, 'height': 612, 'url': 'https://img-9gag-fun.9cache.com/photo/an7YjLL_460s.jpg', 'webpUrl': 'https://img-9gag-fun.9cache.com/photo/an7YjLL_460swp.webp'}, 'imageFbThumbnail': {'width': 220, 'height': 220, 'url': 'https://img-9gag-fun.9cache.com/photo/an7YjLL_fbthumbnail.jpg'}}","{'likes': 1, 'dislikes': 1, 'comments': 1}",2024-04-27 04:40:39
aoyzO5A,Iffy tattoo,http://9gag.com/gag/aoyzO5A,"{'image700': {'width': 439, 'height': 638, 'url': 'https://img-9gag-fun.9cache.com/photo/aoyzO5A_700b.jpg', 'webpUrl': 'https://img-9gag-fun.9cache.com/photo/aoyzO5A_700bwp.webp'}, 'image460': {'width': 439, 'height': 638, 'url': 'https://img-9gag-fun.9cache.com/photo/aoyzO5A_460s.jpg', 'webpUrl': 'https://img-9gag-fun.9cache.com/photo/aoyzO5A_460swp.webp'}, 'imageFbThumbnail': {'width': 220, 'height': 220, 'url': 'https://img-9gag-fun.9cache.com/photo/aoyzO5A_fbthumbnail.jpg'}}","{'likes': 3, 'dislikes': 3, 'comments': 0}",2024-04-26 21:32:06
a1mAXWD,Makes more sense than anything else,http://9gag.com/gag/a1mAXWD,"{'image700': {'width': 526, 'height': 526, 'url': 'https://img-9gag-fun.9cache.com/photo/a1mAXWD_700b.jpg', 'webpUrl': 'https://img-9gag-fun.9cache.com/photo/a1mAXWD_700bwp.webp'}, 'image460': {'width': 460, 'height': 460, 'url': 'https://img-9gag-fun.9cache.com/photo/a1mAXWD_460s.jpg', 'webpUrl': 'https://img-9gag-fun.9cache.com/photo/a1mAXWD_460swp.webp'}, 'imageFbThumbnail': {'width': 220, 'height': 220, 'url': 'https://img-9gag-fun.9cache.com/photo/a1mAXWD_fbthumbnail.jpg'}}","{'likes': 301, 'dislikes': 67, 'comments': 17}",2024-04-25 19:21:20
a0e9p3q,Happy April 25th everybody!,http://9gag.com/gag/a0e9p3q,"{'image700': {'width': 507, 'height': 600, 'url': 'https://img-9gag-fun.9cache.com/photo/a0e9p3q_700b.jpg', 'webpUrl': 'https://img-9gag-fun.9cache.com/photo/a0e9p3q_700bwp.webp'}, 'image460': {'width': 460, 'height': 544, 'url': 'https://img-9gag-fun.9cache.com/photo/a0e9p3q_460s.jpg', 'webpUrl': 'https://img-9gag-fun.9cache.com/photo/a0e9p3q_460swp.webp'}, 'imageFbThumbnail': {'width': 220, 'height': 220, 'url': 'https://img-9gag-fun.9cache.com/photo/a0e9p3q_fbthumbnail.jpg'}}","{'likes': 155, 'dislikes': 31, 'comments': 15}",2024-04-25 16:14:15
aGy9RMK,Because they did so well on the one they started in 2008? California is stupid.,http://9gag.com/gag/aGy9RMK,"{'image700': {'width': 700, 'height': 733, 'url': 'https://img-9gag-fun.9cache.com/photo/aGy9RMK_700b.jpg', 'webpUrl': 'https://img-9gag-fun.9cache.com/photo/aGy9RMK_700bwp.webp'}, 'image460': {'width': 460, 'height': 481, 'url': 'https://img-9gag-fun.9cache.com/photo/aGy9RMK_460s.jpg', 'webpUrl': 'https://img-9gag-fun.9cache.com/photo/aGy9RMK_460swp.webp'}, 'imageFbThumbnail': {'width': 220, 'height': 220, 'url': 'https://img-9gag-fun.9cache.com/photo/aGy9RMK_fbthumbnail.jpg'}}","{'likes': 1, 'dislikes': 0, 'comments': 1}",2024-04-25 02:38:33
aKGzPM1,Ewwwww is right!,http://9gag.com/gag/aKGzPM1,"{'image700': {'width': 460, 'height': 463, 'url': 'https://img-9gag-fun.9cache.com/photo/aKGzPM1_700b.jpg', 'webpUrl': 'https://img-9gag-fun.9cache.com/photo/aKGzPM1_700bwp.webp'}, 'image460': {'width': 460, 'height': 463, 'url': 'https://img-9gag-fun.9cache.com/photo/aKGzPM1_460s.jpg', 'webpUrl': 'https://img-9gag-fun.9cache.com/photo/aKGzPM1_460swp.webp'}, 'imageFbThumbnail': {'width': 220, 'height': 220, 'url': 'https://img-9gag-fun.9cache.com/photo/aKGzPM1_fbthumbnail.jpg'}}","{'likes': 788, 'dislikes': 57, 'comments': 9}",2024-04-24 20:26:09
aRBQP1j,Cant wait!,http://9gag.com/gag/aRBQP1j,"{'image700': {'width': 700, 'height': 393, 'url': 'https://img-9gag-fun.9cache.com/photo/aRBQP1j_700b.jpg', 'webpUrl': 'https://img-9gag-fun.9cache.com/photo/aRBQP1j_700bwp.webp'}, 'image460': {'width': 460, 'height': 258, 'url': 'https://img-9gag-fun.9cache.com/photo/aRBQP1j_460s.jpg', 'webpUrl': 'https://img-9gag-fun.9cache.com/photo/aRBQP1j_460swp.webp'}, 'imageFbThumbnail': {'width': 220, 'height': 220, 'url': 'https://img-9gag-fun.9cache.com/photo/aRBQP1j_fbthumbnail.jpg'}}","{'likes': 90, 'dislikes': 21, 'comments': 3}",2024-04-24 16:25:34
aoyzzng,Great ad!,http://9gag.com/gag/aoyzzng,"{'image700': {'width': 460, 'height': 245, 'url': 'https://img-9gag-fun.9cache.com/photo/aoyzzng_460s.jpg'}, 'image460': {'width': 460, 'height': 245, 'url': 'https://img-9gag-fun.9cache.com/photo/aoyzzng_460s.jpg', 'webpUrl': 'https://img-9gag-fun.9cache.com/photo/aoyzzng_460swp.webp'}, 'imageFbThumbnail': {'width': 220, 'height': 220, 'url': 'https://img-9gag-fun.9cache.com/photo/aoyzzng_fbthumbnail.jpg'}, 'image460sv': {'width': 460, 'height': 244, 'url': 'https://img-9gag-fun.9cache.com/photo/aoyzzng_460sv.mp4', 'hasAudio': 1, 'duration': 27, 'vp8Url': 'https://img-9gag-fun.9cache.com/photo/aoyzzng_460svwm.webm', 'h265Url': 'https://img-9gag-fun.9cache.com/photo/aoyzzng_460svh265.mp4', 'vp9Url': 'https://img-9gag-fun.9cache.com/photo/aoyzzng_460svvp9.webm'}}","{'likes': 3, 'dislikes': 0, 'comments': 1}",2024-04-23 23:41:06
aD20ApZ,"Oops, my bad.",http://9gag.com/gag/aD20ApZ,"{'image700': {'width': 700, 'height': 490, 'url': 'https://img-9gag-fun.9cache.com/photo/aD20ApZ_700b.jpg', 'webpUrl': 'https://img-9gag-fun.9cache.com/photo/aD20ApZ_700bwp.webp'}, 'image460': {'width': 460, 'height': 322, 'url': 'https://img-9gag-fun.9cache.com/photo/aD20ApZ_460s.jpg', 'webpUrl': 'https://img-9gag-fun.9cache.com/photo/aD20ApZ_460swp.webp'}, 'imageFbThumbnail': {'width': 220, 'height': 220, 'url': 'https://img-9gag-fun.9cache.com/photo/aD20ApZ_fbthumbnail.jpg'}}","{'likes': 302, 'dislikes': 31, 'comments': 9}",2024-04-23 18:34:48
aByKRoD,Anyone flying this Summer?,http://9gag.com/gag/aByKRoD,"{'image700': {'width': 635, 'height': 800, 'url': 'https://img-9gag-fun.9cache.com/photo/aByKRoD_700b.jpg', 'webpUrl': 'https://img-9gag-fun.9cache.com/photo/aByKRoD_700bwp.webp'}, 'image460': {'width': 460, 'height': 579, 'url': 'https://img-9gag-fun.9cache.com/photo/aByKRoD_460s.jpg', 'webpUrl': 'https://img-9gag-fun.9cache.com/photo/aByKRoD_460swp.webp'}, 'imageFbThumbnail': {'width': 220, 'height': 220, 'url': 'https://img-9gag-fun.9cache.com/photo/aByKRoD_fbthumbnail.jpg'}}","{'likes': 55, 'dislikes': 17, 'comments': 2}",2024-04-23 16:41:51
